ExecutionId,ScenarioId,Events,Lambda,Duration,IntegrationProcesses,MaxStartDelay,Consumers,Repetition
6bd7935c-8484-41e8-96a9-f0bbff66bada,2ece0a93-8662-4b1c-b5ef-792a2fe1c6d2,25,0.500000,300,2,50,25,5
6bd7935c-8484-41e8-96a9-f0bbff66bada,88561458-88de-4f6b-96e8-e4469967f4d2,20,0.500000,300,2,50,10,5
6bd7935c-8484-41e8-96a9-f0bbff66bada,4d08c6e0-a97b-4af8-af9b-95d51078c28a,1,0.500000,300,2,50,15,3
6bd7935c-8484-41e8-96a9-f0bbff66bada,8246d7ab-75d6-485b-8fea-b33aeec9c271,15,0.500000,300,2,50,50,4
6bd7935c-8484-41e8-96a9-f0bbff66bada,86c20a6b-cd9b-46ce-ac64-ee86e0146c40,10,0.500000,300,2,50,50,4
6bd7935c-8484-41e8-96a9-f0bbff66bada,63fec2b2-7aea-4983-ba28-e8a9ac93cb50,20,0.500000,300,2,50,25,7
6bd7935c-8484-41e8-96a9-f0bbff66bada,3e0bd9d6-8d13-49fb-b755-43b2915006ec,50,0.500000,300,2,50,1,8
6bd7935c-8484-41e8-96a9-f0bbff66bada,99bf191a-a400-4195-83a5-e3160dd94950,25,0.500000,300,2,50,50,8
6bd7935c-8484-41e8-96a9-f0bbff66bada,97790901-7747-4c8f-ae52-a38db0f3c54d,20,0.500000,300,2,50,15,1
6bd7935c-8484-41e8-96a9-f0bbff66bada,5aade33d-02e1-4aeb-bdf9-479e5c7f4efd,1,0.500000,300,2,50,1,3
6bd7935c-8484-41e8-96a9-f0bbff66bada,036b29d0-4640-4a9d-9b12-f503cd1d5868,50,0.500000,300,2,50,50,2
6bd7935c-8484-41e8-96a9-f0bbff66bada,3e0bd9d6-8d13-49fb-b755-43b2915006ec,50,0.500000,300,2,50,1,1
6bd7935c-8484-41e8-96a9-f0bbff66bada,f09caaa0-5b8e-48ac-92fa-13cba19fb1d4,15,0.500000,300,2,50,1,6
6bd7935c-8484-41e8-96a9-f0bbff66bada,3fb9fca6-3f20-45e7-b8b7-c6970508f4ef,10,0.500000,300,2,50,10,10
6bd7935c-8484-41e8-96a9-f0bbff66bada,ea06344c-2d0f-4d32-ba35-280622db79c8,25,0.500000,300,2,50,10,2
6bd7935c-8484-41e8-96a9-f0bbff66bada,86c20a6b-cd9b-46ce-ac64-ee86e0146c40,10,0.500000,300,2,50,50,10
6bd7935c-8484-41e8-96a9-f0bbff66bada,3fb9fca6-3f20-45e7-b8b7-c6970508f4ef,10,0.500000,300,2,50,10,8
6bd7935c-8484-41e8-96a9-f0bbff66bada,97790901-7747-4c8f-ae52-a38db0f3c54d,20,0.500000,300,2,50,15,8
6bd7935c-8484-41e8-96a9-f0bbff66bada,c99879f8-add3-4f2f-9582-ec82fecd42a7,50,0.500000,300,2,50,10,5
6bd7935c-8484-41e8-96a9-f0bbff66bada,f5b62249-fa23-4272-8fd6-29b0c18549ac,20,0.500000,300,2,50,50,1
6bd7935c-8484-41e8-96a9-f0bbff66bada,5aade33d-02e1-4aeb-bdf9-479e5c7f4efd,1,0.500000,300,2,50,1,8
6bd7935c-8484-41e8-96a9-f0bbff66bada,a4bf0a91-fff6-44d1-a3eb-e77c6f1b34f0,25,0.500000,300,2,50,20,4
6bd7935c-8484-41e8-96a9-f0bbff66bada,f5b62249-fa23-4272-8fd6-29b0c18549ac,20,0.500000,300,2,50,50,9
6bd7935c-8484-41e8-96a9-f0bbff66bada,97790901-7747-4c8f-ae52-a38db0f3c54d,20,0.500000,300,2,50,15,7
6bd7935c-8484-41e8-96a9-f0bbff66bada,b8300718-88ef-49e2-b835-2842ecad1faf,50,0.500000,300,2,50,25,7
6bd7935c-8484-41e8-96a9-f0bbff66bada,8246d7ab-75d6-485b-8fea-b33aeec9c271,15,0.500000,300,2,50,50,8
6bd7935c-8484-41e8-96a9-f0bbff66bada,3fb9fca6-3f20-45e7-b8b7-c6970508f4ef,10,0.500000,300,2,50,10,6
6bd7935c-8484-41e8-96a9-f0bbff66bada,8246d7ab-75d6-485b-8fea-b33aeec9c271,15,0.500000,300,2,50,50,3
6bd7935c-8484-41e8-96a9-f0bbff66bada,f4900f28-a929-45c9-9deb-fe600cbf960d,50,0.500000,300,2,50,15,2
6bd7935c-8484-41e8-96a9-f0bbff66bada,f4900f28-a929-45c9-9deb-fe600cbf960d,50,0.500000,300,2,50,15,1
6bd7935c-8484-41e8-96a9-f0bbff66bada,5aade33d-02e1-4aeb-bdf9-479e5c7f4efd,1,0.500000,300,2,50,1,5
6bd7935c-8484-41e8-96a9-f0bbff66bada,bcfc72a9-ab6d-45fc-868d-636fd94c8ddc,50,0.500000,300,2,50,20,2
6bd7935c-8484-41e8-96a9-f0bbff66bada,6eae166d-f89e-4ff4-8f6b-872e0d0bd256,10,0.500000,300,2,50,15,3
6bd7935c-8484-41e8-96a9-f0bbff66bada,eb915a58-8e38-49e8-a893-4d3139f469fa,10,0.500000,300,2,50,25,2
6bd7935c-8484-41e8-96a9-f0bbff66bada,3e0bd9d6-8d13-49fb-b755-43b2915006ec,50,0.500000,300,2,50,1,2
6bd7935c-8484-41e8-96a9-f0bbff66bada,99bf191a-a400-4195-83a5-e3160dd94950,25,0.500000,300,2,50,50,4
6bd7935c-8484-41e8-96a9-f0bbff66bada,fcc7596f-ae2b-478f-a7e4-6ccb6cd0fb1b,1,0.500000,300,2,50,10,1
6bd7935c-8484-41e8-96a9-f0bbff66bada,6eae166d-f89e-4ff4-8f6b-872e0d0bd256,10,0.500000,300,2,50,15,8
6bd7935c-8484-41e8-96a9-f0bbff66bada,f5b62249-fa23-4272-8fd6-29b0c18549ac,20,0.500000,300,2,50,50,10
6bd7935c-8484-41e8-96a9-f0bbff66bada,fb3a2d5d-427e-428e-a7ab-8d5bbae8be04,15,0.500000,300,2,50,15,4
6bd7935c-8484-41e8-96a9-f0bbff66bada,4d08c6e0-a97b-4af8-af9b-95d51078c28a,1,0.500000,300,2,50,15,9
6bd7935c-8484-41e8-96a9-f0bbff66bada,6eae166d-f89e-4ff4-8f6b-872e0d0bd256,10,0.500000,300,2,50,15,4
6bd7935c-8484-41e8-96a9-f0bbff66bada,b8300718-88ef-49e2-b835-2842ecad1faf,50,0.500000,300,2,50,25,2
6bd7935c-8484-41e8-96a9-f0bbff66bada,7409b6a4-53b1-4fdd-bbcd-c2543e49d53e,15,0.500000,300,2,50,20,8
6bd7935c-8484-41e8-96a9-f0bbff66bada,ea06344c-2d0f-4d32-ba35-280622db79c8,25,0.500000,300,2,50,10,7
6bd7935c-8484-41e8-96a9-f0bbff66bada,5aade33d-02e1-4aeb-bdf9-479e5c7f4efd,1,0.500000,300,2,50,1,10
6bd7935c-8484-41e8-96a9-f0bbff66bada,f4900f28-a929-45c9-9deb-fe600cbf960d,50,0.500000,300,2,50,15,10
6bd7935c-8484-41e8-96a9-f0bbff66bada,6028efa1-0162-4bca-94f4-d5b44de8af87,20,0.500000,300,2,50,1,4
6bd7935c-8484-41e8-96a9-f0bbff66bada,036b29d0-4640-4a9d-9b12-f503cd1d5868,50,0.500000,300,2,50,50,1
6bd7935c-8484-41e8-96a9-f0bbff66bada,6c256e19-cdae-4233-b0e7-dfc2de083ef6,10,0.500000,300,2,50,20,8
6bd7935c-8484-41e8-96a9-f0bbff66bada,2ece0a93-8662-4b1c-b5ef-792a2fe1c6d2,25,0.500000,300,2,50,25,9
6bd7935c-8484-41e8-96a9-f0bbff66bada,fb3a2d5d-427e-428e-a7ab-8d5bbae8be04,15,0.500000,300,2,50,15,7
6bd7935c-8484-41e8-96a9-f0bbff66bada,a4bf0a91-fff6-44d1-a3eb-e77c6f1b34f0,25,0.500000,300,2,50,20,1
6bd7935c-8484-41e8-96a9-f0bbff66bada,b8300718-88ef-49e2-b835-2842ecad1faf,50,0.500000,300,2,50,25,1
6bd7935c-8484-41e8-96a9-f0bbff66bada,7409b6a4-53b1-4fdd-bbcd-c2543e49d53e,15,0.500000,300,2,50,20,4
6bd7935c-8484-41e8-96a9-f0bbff66bada,f5b62249-fa23-4272-8fd6-29b0c18549ac,20,0.500000,300,2,50,50,8
6bd7935c-8484-41e8-96a9-f0bbff66bada,88561458-88de-4f6b-96e8-e4469967f4d2,20,0.500000,300,2,50,10,4
6bd7935c-8484-41e8-96a9-f0bbff66bada,2ece0a93-8662-4b1c-b5ef-792a2fe1c6d2,25,0.500000,300,2,50,25,1
6bd7935c-8484-41e8-96a9-f0bbff66bada,97790901-7747-4c8f-ae52-a38db0f3c54d,20,0.500000,300,2,50,15,3
6bd7935c-8484-41e8-96a9-f0bbff66bada,6c256e19-cdae-4233-b0e7-dfc2de083ef6,10,0.500000,300,2,50,20,6
6bd7935c-8484-41e8-96a9-f0bbff66bada,ea06344c-2d0f-4d32-ba35-280622db79c8,25,0.500000,300,2,50,10,3
6bd7935c-8484-41e8-96a9-f0bbff66bada,a4bf0a91-fff6-44d1-a3eb-e77c6f1b34f0,25,0.500000,300,2,50,20,3
6bd7935c-8484-41e8-96a9-f0bbff66bada,56ea33b5-ee9d-4734-bc36-c6fe6bfcc0c6,20,0.500000,300,2,50,20,6
6bd7935c-8484-41e8-96a9-f0bbff66bada,6eae166d-f89e-4ff4-8f6b-872e0d0bd256,10,0.500000,300,2,50,15,5
6bd7935c-8484-41e8-96a9-f0bbff66bada,12553c11-1043-46e9-bc23-fb85db83d29f,15,0.500000,300,2,50,10,8
6bd7935c-8484-41e8-96a9-f0bbff66bada,6028efa1-0162-4bca-94f4-d5b44de8af87,20,0.500000,300,2,50,1,6
6bd7935c-8484-41e8-96a9-f0bbff66bada,2ece0a93-8662-4b1c-b5ef-792a2fe1c6d2,25,0.500000,300,2,50,25,7
6bd7935c-8484-41e8-96a9-f0bbff66bada,63fec2b2-7aea-4983-ba28-e8a9ac93cb50,20,0.500000,300,2,50,25,6
6bd7935c-8484-41e8-96a9-f0bbff66bada,036b29d0-4640-4a9d-9b12-f503cd1d5868,50,0.500000,300,2,50,50,6
6bd7935c-8484-41e8-96a9-f0bbff66bada,3fb9fca6-3f20-45e7-b8b7-c6970508f4ef,10,0.500000,300,2,50,10,7
6bd7935c-8484-41e8-96a9-f0bbff66bada,12553c11-1043-46e9-bc23-fb85db83d29f,15,0.500000,300,2,50,10,4
6bd7935c-8484-41e8-96a9-f0bbff66bada,ea06344c-2d0f-4d32-ba35-280622db79c8,25,0.500000,300,2,50,10,8
6bd7935c-8484-41e8-96a9-f0bbff66bada,fcc7596f-ae2b-478f-a7e4-6ccb6cd0fb1b,1,0.500000,300,2,50,10,10
6bd7935c-8484-41e8-96a9-f0bbff66bada,036b29d0-4640-4a9d-9b12-f503cd1d5868,50,0.500000,300,2,50,50,5
6bd7935c-8484-41e8-96a9-f0bbff66bada,99bf191a-a400-4195-83a5-e3160dd94950,25,0.500000,300,2,50,50,10
6bd7935c-8484-41e8-96a9-f0bbff66bada,fcc7596f-ae2b-478f-a7e4-6ccb6cd0fb1b,1,0.500000,300,2,50,10,5
6bd7935c-8484-41e8-96a9-f0bbff66bada,88561458-88de-4f6b-96e8-e4469967f4d2,20,0.500000,300,2,50,10,2
6bd7935c-8484-41e8-96a9-f0bbff66bada,95c6e56b-b650-4c83-83e3-8af365b80b84,1,0.500000,300,2,50,20,5
6bd7935c-8484-41e8-96a9-f0bbff66bada,eb915a58-8e38-49e8-a893-4d3139f469fa,10,0.500000,300,2,50,25,4
6bd7935c-8484-41e8-96a9-f0bbff66bada,3e0bd9d6-8d13-49fb-b755-43b2915006ec,50,0.500000,300,2,50,1,5
6bd7935c-8484-41e8-96a9-f0bbff66bada,12553c11-1043-46e9-bc23-fb85db83d29f,15,0.500000,300,2,50,10,2
6bd7935c-8484-41e8-96a9-f0bbff66bada,86c20a6b-cd9b-46ce-ac64-ee86e0146c40,10,0.500000,300,2,50,50,5
6bd7935c-8484-41e8-96a9-f0bbff66bada,8246d7ab-75d6-485b-8fea-b33aeec9c271,15,0.500000,300,2,50,50,5
6bd7935c-8484-41e8-96a9-f0bbff66bada,7ce501f7-cbcf-4640-b2ac-114ade0e4f82,25,0.500000,300,2,50,15,5
6bd7935c-8484-41e8-96a9-f0bbff66bada,036b29d0-4640-4a9d-9b12-f503cd1d5868,50,0.500000,300,2,50,50,10
6bd7935c-8484-41e8-96a9-f0bbff66bada,18883703-31ed-4029-b91f-3fb6fe62e1e2,1,0.500000,300,2,50,25,9
6bd7935c-8484-41e8-96a9-f0bbff66bada,6028efa1-0162-4bca-94f4-d5b44de8af87,20,0.500000,300,2,50,1,10
6bd7935c-8484-41e8-96a9-f0bbff66bada,18883703-31ed-4029-b91f-3fb6fe62e1e2,1,0.500000,300,2,50,25,8
6bd7935c-8484-41e8-96a9-f0bbff66bada,eb915a58-8e38-49e8-a893-4d3139f469fa,10,0.500000,300,2,50,25,1
6bd7935c-8484-41e8-96a9-f0bbff66bada,eb915a58-8e38-49e8-a893-4d3139f469fa,10,0.500000,300,2,50,25,7
6bd7935c-8484-41e8-96a9-f0bbff66bada,18883703-31ed-4029-b91f-3fb6fe62e1e2,1,0.500000,300,2,50,25,4
6bd7935c-8484-41e8-96a9-f0bbff66bada,6c256e19-cdae-4233-b0e7-dfc2de083ef6,10,0.500000,300,2,50,20,3
6bd7935c-8484-41e8-96a9-f0bbff66bada,f09caaa0-5b8e-48ac-92fa-13cba19fb1d4,15,0.500000,300,2,50,1,8
6bd7935c-8484-41e8-96a9-f0bbff66bada,3fb9fca6-3f20-45e7-b8b7-c6970508f4ef,10,0.500000,300,2,50,10,2
6bd7935c-8484-41e8-96a9-f0bbff66bada,56ea33b5-ee9d-4734-bc36-c6fe6bfcc0c6,20,0.500000,300,2,50,20,7
6bd7935c-8484-41e8-96a9-f0bbff66bada,fb3a2d5d-427e-428e-a7ab-8d5bbae8be04,15,0.500000,300,2,50,15,2
6bd7935c-8484-41e8-96a9-f0bbff66bada,2ece0a93-8662-4b1c-b5ef-792a2fe1c6d2,25,0.500000,300,2,50,25,3
6bd7935c-8484-41e8-96a9-f0bbff66bada,4d08c6e0-a97b-4af8-af9b-95d51078c28a,1,0.500000,300,2,50,15,6
6bd7935c-8484-41e8-96a9-f0bbff66bada,c99879f8-add3-4f2f-9582-ec82fecd42a7,50,0.500000,300,2,50,10,4
6bd7935c-8484-41e8-96a9-f0bbff66bada,6c256e19-cdae-4233-b0e7-dfc2de083ef6,10,0.500000,300,2,50,20,7
6bd7935c-8484-41e8-96a9-f0bbff66bada,f09caaa0-5b8e-48ac-92fa-13cba19fb1d4,15,0.500000,300,2,50,1,7
6bd7935c-8484-41e8-96a9-f0bbff66bada,4d08c6e0-a97b-4af8-af9b-95d51078c28a,1,0.500000,300,2,50,15,5
6bd7935c-8484-41e8-96a9-f0bbff66bada,12553c11-1043-46e9-bc23-fb85db83d29f,15,0.500000,300,2,50,10,6
6bd7935c-8484-41e8-96a9-f0bbff66bada,b8300718-88ef-49e2-b835-2842ecad1faf,50,0.500000,300,2,50,25,10
6bd7935c-8484-41e8-96a9-f0bbff66bada,3e0bd9d6-8d13-49fb-b755-43b2915006ec,50,0.500000,300,2,50,1,4
6bd7935c-8484-41e8-96a9-f0bbff66bada,56ea33b5-ee9d-4734-bc36-c6fe6bfcc0c6,20,0.500000,300,2,50,20,3
6bd7935c-8484-41e8-96a9-f0bbff66bada,f5b62249-fa23-4272-8fd6-29b0c18549ac,20,0.500000,300,2,50,50,5
6bd7935c-8484-41e8-96a9-f0bbff66bada,31cd87aa-7b8b-4531-8ed7-0401129041a5,10,0.500000,300,2,50,1,2
6bd7935c-8484-41e8-96a9-f0bbff66bada,7ce501f7-cbcf-4640-b2ac-114ade0e4f82,25,0.500000,300,2,50,15,2
6bd7935c-8484-41e8-96a9-f0bbff66bada,5aade33d-02e1-4aeb-bdf9-479e5c7f4efd,1,0.500000,300,2,50,1,4
6bd7935c-8484-41e8-96a9-f0bbff66bada,a4bf0a91-fff6-44d1-a3eb-e77c6f1b34f0,25,0.500000,300,2,50,20,7
6bd7935c-8484-41e8-96a9-f0bbff66bada,3fb9fca6-3f20-45e7-b8b7-c6970508f4ef,10,0.500000,300,2,50,10,9
6bd7935c-8484-41e8-96a9-f0bbff66bada,31cd87aa-7b8b-4531-8ed7-0401129041a5,10,0.500000,300,2,50,1,7
6bd7935c-8484-41e8-96a9-f0bbff66bada,eb915a58-8e38-49e8-a893-4d3139f469fa,10,0.500000,300,2,50,25,6
6bd7935c-8484-41e8-96a9-f0bbff66bada,63fec2b2-7aea-4983-ba28-e8a9ac93cb50,20,0.500000,300,2,50,25,9
6bd7935c-8484-41e8-96a9-f0bbff66bada,ea06344c-2d0f-4d32-ba35-280622db79c8,25,0.500000,300,2,50,10,6
6bd7935c-8484-41e8-96a9-f0bbff66bada,fb3a2d5d-427e-428e-a7ab-8d5bbae8be04,15,0.500000,300,2,50,15,10
6bd7935c-8484-41e8-96a9-f0bbff66bada,56ea33b5-ee9d-4734-bc36-c6fe6bfcc0c6,20,0.500000,300,2,50,20,8
6bd7935c-8484-41e8-96a9-f0bbff66bada,5aade33d-02e1-4aeb-bdf9-479e5c7f4efd,1,0.500000,300,2,50,1,6
6bd7935c-8484-41e8-96a9-f0bbff66bada,4d08c6e0-a97b-4af8-af9b-95d51078c28a,1,0.500000,300,2,50,15,2
6bd7935c-8484-41e8-96a9-f0bbff66bada,4d08c6e0-a97b-4af8-af9b-95d51078c28a,1,0.500000,300,2,50,15,4
6bd7935c-8484-41e8-96a9-f0bbff66bada,7409b6a4-53b1-4fdd-bbcd-c2543e49d53e,15,0.500000,300,2,50,20,2
6bd7935c-8484-41e8-96a9-f0bbff66bada,a4bf0a91-fff6-44d1-a3eb-e77c6f1b34f0,25,0.500000,300,2,50,20,5
6bd7935c-8484-41e8-96a9-f0bbff66bada,7ce501f7-cbcf-4640-b2ac-114ade0e4f82,25,0.500000,300,2,50,15,1
6bd7935c-8484-41e8-96a9-f0bbff66bada,5aade33d-02e1-4aeb-bdf9-479e5c7f4efd,1,0.500000,300,2,50,1,1
6bd7935c-8484-41e8-96a9-f0bbff66bada,eb915a58-8e38-49e8-a893-4d3139f469fa,10,0.500000,300,2,50,25,3
6bd7935c-8484-41e8-96a9-f0bbff66bada,fb3a2d5d-427e-428e-a7ab-8d5bbae8be04,15,0.500000,300,2,50,15,9
6bd7935c-8484-41e8-96a9-f0bbff66bada,88561458-88de-4f6b-96e8-e4469967f4d2,20,0.500000,300,2,50,10,3
6bd7935c-8484-41e8-96a9-f0bbff66bada,eb915a58-8e38-49e8-a893-4d3139f469fa,10,0.500000,300,2,50,25,8
6bd7935c-8484-41e8-96a9-f0bbff66bada,8246d7ab-75d6-485b-8fea-b33aeec9c271,15,0.500000,300,2,50,50,2
6bd7935c-8484-41e8-96a9-f0bbff66bada,82047efd-cc4c-474a-9eef-d8b8bde5a6f5,25,0.500000,300,2,50,1,7
6bd7935c-8484-41e8-96a9-f0bbff66bada,86c20a6b-cd9b-46ce-ac64-ee86e0146c40,10,0.500000,300,2,50,50,1
6bd7935c-8484-41e8-96a9-f0bbff66bada,c99879f8-add3-4f2f-9582-ec82fecd42a7,50,0.500000,300,2,50,10,2
6bd7935c-8484-41e8-96a9-f0bbff66bada,6eae166d-f89e-4ff4-8f6b-872e0d0bd256,10,0.500000,300,2,50,15,2
6bd7935c-8484-41e8-96a9-f0bbff66bada,3e0bd9d6-8d13-49fb-b755-43b2915006ec,50,0.500000,300,2,50,1,6
6bd7935c-8484-41e8-96a9-f0bbff66bada,fcc7596f-ae2b-478f-a7e4-6ccb6cd0fb1b,1,0.500000,300,2,50,10,6
6bd7935c-8484-41e8-96a9-f0bbff66bada,31cd87aa-7b8b-4531-8ed7-0401129041a5,10,0.500000,300,2,50,1,5
6bd7935c-8484-41e8-96a9-f0bbff66bada,cb5ed990-6b90-4ff0-925b-c4b3738bdd65,15,0.500000,300,2,50,25,6
6bd7935c-8484-41e8-96a9-f0bbff66bada,31cd87aa-7b8b-4531-8ed7-0401129041a5,10,0.500000,300,2,50,1,3
6bd7935c-8484-41e8-96a9-f0bbff66bada,88561458-88de-4f6b-96e8-e4469967f4d2,20,0.500000,300,2,50,10,7
6bd7935c-8484-41e8-96a9-f0bbff66bada,18883703-31ed-4029-b91f-3fb6fe62e1e2,1,0.500000,300,2,50,25,1
6bd7935c-8484-41e8-96a9-f0bbff66bada,82047efd-cc4c-474a-9eef-d8b8bde5a6f5,25,0.500000,300,2,50,1,10
6bd7935c-8484-41e8-96a9-f0bbff66bada,95c6e56b-b650-4c83-83e3-8af365b80b84,1,0.500000,300,2,50,20,2
6bd7935c-8484-41e8-96a9-f0bbff66bada,7409b6a4-53b1-4fdd-bbcd-c2543e49d53e,15,0.500000,300,2,50,20,3
6bd7935c-8484-41e8-96a9-f0bbff66bada,6c256e19-cdae-4233-b0e7-dfc2de083ef6,10,0.500000,300,2,50,20,5
6bd7935c-8484-41e8-96a9-f0bbff66bada,bcfc72a9-ab6d-45fc-868d-636fd94c8ddc,50,0.500000,300,2,50,20,9
6bd7935c-8484-41e8-96a9-f0bbff66bada,18883703-31ed-4029-b91f-3fb6fe62e1e2,1,0.500000,300,2,50,25,7
6bd7935c-8484-41e8-96a9-f0bbff66bada,2ece0a93-8662-4b1c-b5ef-792a2fe1c6d2,25,0.500000,300,2,50,25,2
6bd7935c-8484-41e8-96a9-f0bbff66bada,18883703-31ed-4029-b91f-3fb6fe62e1e2,1,0.500000,300,2,50,25,6
6bd7935c-8484-41e8-96a9-f0bbff66bada,6028efa1-0162-4bca-94f4-d5b44de8af87,20,0.500000,300,2,50,1,7
6bd7935c-8484-41e8-96a9-f0bbff66bada,f4900f28-a929-45c9-9deb-fe600cbf960d,50,0.500000,300,2,50,15,3
6bd7935c-8484-41e8-96a9-f0bbff66bada,b8300718-88ef-49e2-b835-2842ecad1faf,50,0.500000,300,2,50,25,5
6bd7935c-8484-41e8-96a9-f0bbff66bada,88561458-88de-4f6b-96e8-e4469967f4d2,20,0.500000,300,2,50,10,6
6bd7935c-8484-41e8-96a9-f0bbff66bada,6028efa1-0162-4bca-94f4-d5b44de8af87,20,0.500000,300,2,50,1,8
6bd7935c-8484-41e8-96a9-f0bbff66bada,82047efd-cc4c-474a-9eef-d8b8bde5a6f5,25,0.500000,300,2,50,1,6
6bd7935c-8484-41e8-96a9-f0bbff66bada,fcc7596f-ae2b-478f-a7e4-6ccb6cd0fb1b,1,0.500000,300,2,50,10,4
6bd7935c-8484-41e8-96a9-f0bbff66bada,12553c11-1043-46e9-bc23-fb85db83d29f,15,0.500000,300,2,50,10,7
6bd7935c-8484-41e8-96a9-f0bbff66bada,4d08c6e0-a97b-4af8-af9b-95d51078c28a,1,0.500000,300,2,50,15,10
6bd7935c-8484-41e8-96a9-f0bbff66bada,97790901-7747-4c8f-ae52-a38db0f3c54d,20,0.500000,300,2,50,15,5
6bd7935c-8484-41e8-96a9-f0bbff66bada,82047efd-cc4c-474a-9eef-d8b8bde5a6f5,25,0.500000,300,2,50,1,2
6bd7935c-8484-41e8-96a9-f0bbff66bada,99bf191a-a400-4195-83a5-e3160dd94950,25,0.500000,300,2,50,50,5
6bd7935c-8484-41e8-96a9-f0bbff66bada,6eae166d-f89e-4ff4-8f6b-872e0d0bd256,10,0.500000,300,2,50,15,1
6bd7935c-8484-41e8-96a9-f0bbff66bada,82047efd-cc4c-474a-9eef-d8b8bde5a6f5,25,0.500000,300,2,50,1,5
6bd7935c-8484-41e8-96a9-f0bbff66bada,31cd87aa-7b8b-4531-8ed7-0401129041a5,10,0.500000,300,2,50,1,8
6bd7935c-8484-41e8-96a9-f0bbff66bada,f4900f28-a929-45c9-9deb-fe600cbf960d,50,0.500000,300,2,50,15,4
6bd7935c-8484-41e8-96a9-f0bbff66bada,3fb9fca6-3f20-45e7-b8b7-c6970508f4ef,10,0.500000,300,2,50,10,1
6bd7935c-8484-41e8-96a9-f0bbff66bada,a4bf0a91-fff6-44d1-a3eb-e77c6f1b34f0,25,0.500000,300,2,50,20,9
6bd7935c-8484-41e8-96a9-f0bbff66bada,7ce501f7-cbcf-4640-b2ac-114ade0e4f82,25,0.500000,300,2,50,15,7
6bd7935c-8484-41e8-96a9-f0bbff66bada,bcfc72a9-ab6d-45fc-868d-636fd94c8ddc,50,0.500000,300,2,50,20,7
6bd7935c-8484-41e8-96a9-f0bbff66bada,cb5ed990-6b90-4ff0-925b-c4b3738bdd65,15,0.500000,300,2,50,25,1
6bd7935c-8484-41e8-96a9-f0bbff66bada,88561458-88de-4f6b-96e8-e4469967f4d2,20,0.500000,300,2,50,10,9
6bd7935c-8484-41e8-96a9-f0bbff66bada,86c20a6b-cd9b-46ce-ac64-ee86e0146c40,10,0.500000,300,2,50,50,3
6bd7935c-8484-41e8-96a9-f0bbff66bada,3fb9fca6-3f20-45e7-b8b7-c6970508f4ef,10,0.500000,300,2,50,10,5
6bd7935c-8484-41e8-96a9-f0bbff66bada,ea06344c-2d0f-4d32-ba35-280622db79c8,25,0.500000,300,2,50,10,1
6bd7935c-8484-41e8-96a9-f0bbff66bada,f09caaa0-5b8e-48ac-92fa-13cba19fb1d4,15,0.500000,300,2,50,1,3
6bd7935c-8484-41e8-96a9-f0bbff66bada,8246d7ab-75d6-485b-8fea-b33aeec9c271,15,0.500000,300,2,50,50,6
6bd7935c-8484-41e8-96a9-f0bbff66bada,18883703-31ed-4029-b91f-3fb6fe62e1e2,1,0.500000,300,2,50,25,3
6bd7935c-8484-41e8-96a9-f0bbff66bada,2ece0a93-8662-4b1c-b5ef-792a2fe1c6d2,25,0.500000,300,2,50,25,6
6bd7935c-8484-41e8-96a9-f0bbff66bada,eb915a58-8e38-49e8-a893-4d3139f469fa,10,0.500000,300,2,50,25,5
6bd7935c-8484-41e8-96a9-f0bbff66bada,3e0bd9d6-8d13-49fb-b755-43b2915006ec,50,0.500000,300,2,50,1,7
6bd7935c-8484-41e8-96a9-f0bbff66bada,f09caaa0-5b8e-48ac-92fa-13cba19fb1d4,15,0.500000,300,2,50,1,4
6bd7935c-8484-41e8-96a9-f0bbff66bada,6028efa1-0162-4bca-94f4-d5b44de8af87,20,0.500000,300,2,50,1,2
6bd7935c-8484-41e8-96a9-f0bbff66bada,b8300718-88ef-49e2-b835-2842ecad1faf,50,0.500000,300,2,50,25,6
6bd7935c-8484-41e8-96a9-f0bbff66bada,88561458-88de-4f6b-96e8-e4469967f4d2,20,0.500000,300,2,50,10,1
6bd7935c-8484-41e8-96a9-f0bbff66bada,3cd74708-c472-4157-b547-be38fe91d1d3,1,0.500000,300,2,50,50,8
6bd7935c-8484-41e8-96a9-f0bbff66bada,31cd87aa-7b8b-4531-8ed7-0401129041a5,10,0.500000,300,2,50,1,6
6bd7935c-8484-41e8-96a9-f0bbff66bada,ea06344c-2d0f-4d32-ba35-280622db79c8,25,0.500000,300,2,50,10,9
6bd7935c-8484-41e8-96a9-f0bbff66bada,31cd87aa-7b8b-4531-8ed7-0401129041a5,10,0.500000,300,2,50,1,10
6bd7935c-8484-41e8-96a9-f0bbff66bada,86c20a6b-cd9b-46ce-ac64-ee86e0146c40,10,0.500000,300,2,50,50,7
6bd7935c-8484-41e8-96a9-f0bbff66bada,f09caaa0-5b8e-48ac-92fa-13cba19fb1d4,15,0.500000,300,2,50,1,9
6bd7935c-8484-41e8-96a9-f0bbff66bada,7ce501f7-cbcf-4640-b2ac-114ade0e4f82,25,0.500000,300,2,50,15,8
6bd7935c-8484-41e8-96a9-f0bbff66bada,3e0bd9d6-8d13-49fb-b755-43b2915006ec,50,0.500000,300,2,50,1,9
6bd7935c-8484-41e8-96a9-f0bbff66bada,97790901-7747-4c8f-ae52-a38db0f3c54d,20,0.500000,300,2,50,15,10
6bd7935c-8484-41e8-96a9-f0bbff66bada,97790901-7747-4c8f-ae52-a38db0f3c54d,20,0.500000,300,2,50,15,9
6bd7935c-8484-41e8-96a9-f0bbff66bada,4d08c6e0-a97b-4af8-af9b-95d51078c28a,1,0.500000,300,2,50,15,1
6bd7935c-8484-41e8-96a9-f0bbff66bada,95c6e56b-b650-4c83-83e3-8af365b80b84,1,0.500000,300,2,50,20,7
6bd7935c-8484-41e8-96a9-f0bbff66bada,cb5ed990-6b90-4ff0-925b-c4b3738bdd65,15,0.500000,300,2,50,25,2
6bd7935c-8484-41e8-96a9-f0bbff66bada,97790901-7747-4c8f-ae52-a38db0f3c54d,20,0.500000,300,2,50,15,2
6bd7935c-8484-41e8-96a9-f0bbff66bada,3cd74708-c472-4157-b547-be38fe91d1d3,1,0.500000,300,2,50,50,4
6bd7935c-8484-41e8-96a9-f0bbff66bada,99bf191a-a400-4195-83a5-e3160dd94950,25,0.500000,300,2,50,50,6
6bd7935c-8484-41e8-96a9-f0bbff66bada,bcfc72a9-ab6d-45fc-868d-636fd94c8ddc,50,0.500000,300,2,50,20,10
6bd7935c-8484-41e8-96a9-f0bbff66bada,f5b62249-fa23-4272-8fd6-29b0c18549ac,20,0.500000,300,2,50,50,4
6bd7935c-8484-41e8-96a9-f0bbff66bada,3fb9fca6-3f20-45e7-b8b7-c6970508f4ef,10,0.500000,300,2,50,10,4
6bd7935c-8484-41e8-96a9-f0bbff66bada,2ece0a93-8662-4b1c-b5ef-792a2fe1c6d2,25,0.500000,300,2,50,25,8
6bd7935c-8484-41e8-96a9-f0bbff66bada,6c256e19-cdae-4233-b0e7-dfc2de083ef6,10,0.500000,300,2,50,20,4
6bd7935c-8484-41e8-96a9-f0bbff66bada,eb915a58-8e38-49e8-a893-4d3139f469fa,10,0.500000,300,2,50,25,9
6bd7935c-8484-41e8-96a9-f0bbff66bada,12553c11-1043-46e9-bc23-fb85db83d29f,15,0.500000,300,2,50,10,1
6bd7935c-8484-41e8-96a9-f0bbff66bada,95c6e56b-b650-4c83-83e3-8af365b80b84,1,0.500000,300,2,50,20,10
6bd7935c-8484-41e8-96a9-f0bbff66bada,bcfc72a9-ab6d-45fc-868d-636fd94c8ddc,50,0.500000,300,2,50,20,5
6bd7935c-8484-41e8-96a9-f0bbff66bada,97790901-7747-4c8f-ae52-a38db0f3c54d,20,0.500000,300,2,50,15,4
6bd7935c-8484-41e8-96a9-f0bbff66bada,82047efd-cc4c-474a-9eef-d8b8bde5a6f5,25,0.500000,300,2,50,1,9
6bd7935c-8484-41e8-96a9-f0bbff66bada,b8300718-88ef-49e2-b835-2842ecad1faf,50,0.500000,300,2,50,25,8
6bd7935c-8484-41e8-96a9-f0bbff66bada,036b29d0-4640-4a9d-9b12-f503cd1d5868,50,0.500000,300,2,50,50,3
6bd7935c-8484-41e8-96a9-f0bbff66bada,cb5ed990-6b90-4ff0-925b-c4b3738bdd65,15,0.500000,300,2,50,25,8
6bd7935c-8484-41e8-96a9-f0bbff66bada,7409b6a4-53b1-4fdd-bbcd-c2543e49d53e,15,0.500000,300,2,50,20,7
6bd7935c-8484-41e8-96a9-f0bbff66bada,99bf191a-a400-4195-83a5-e3160dd94950,25,0.500000,300,2,50,50,2
6bd7935c-8484-41e8-96a9-f0bbff66bada,fcc7596f-ae2b-478f-a7e4-6ccb6cd0fb1b,1,0.500000,300,2,50,10,8
6bd7935c-8484-41e8-96a9-f0bbff66bada,6eae166d-f89e-4ff4-8f6b-872e0d0bd256,10,0.500000,300,2,50,15,9
6bd7935c-8484-41e8-96a9-f0bbff66bada,fb3a2d5d-427e-428e-a7ab-8d5bbae8be04,15,0.500000,300,2,50,15,8
6bd7935c-8484-41e8-96a9-f0bbff66bada,63fec2b2-7aea-4983-ba28-e8a9ac93cb50,20,0.500000,300,2,50,25,5
6bd7935c-8484-41e8-96a9-f0bbff66bada,bcfc72a9-ab6d-45fc-868d-636fd94c8ddc,50,0.500000,300,2,50,20,1
6bd7935c-8484-41e8-96a9-f0bbff66bada,82047efd-cc4c-474a-9eef-d8b8bde5a6f5,25,0.500000,300,2,50,1,1
6bd7935c-8484-41e8-96a9-f0bbff66bada,5aade33d-02e1-4aeb-bdf9-479e5c7f4efd,1,0.500000,300,2,50,1,7
6bd7935c-8484-41e8-96a9-f0bbff66bada,18883703-31ed-4029-b91f-3fb6fe62e1e2,1,0.500000,300,2,50,25,10
6bd7935c-8484-41e8-96a9-f0bbff66bada,82047efd-cc4c-474a-9eef-d8b8bde5a6f5,25,0.500000,300,2,50,1,4
6bd7935c-8484-41e8-96a9-f0bbff66bada,8246d7ab-75d6-485b-8fea-b33aeec9c271,15,0.500000,300,2,50,50,1
6bd7935c-8484-41e8-96a9-f0bbff66bada,88561458-88de-4f6b-96e8-e4469967f4d2,20,0.500000,300,2,50,10,8
6bd7935c-8484-41e8-96a9-f0bbff66bada,95c6e56b-b650-4c83-83e3-8af365b80b84,1,0.500000,300,2,50,20,3
6bd7935c-8484-41e8-96a9-f0bbff66bada,bcfc72a9-ab6d-45fc-868d-636fd94c8ddc,50,0.500000,300,2,50,20,6
6bd7935c-8484-41e8-96a9-f0bbff66bada,7ce501f7-cbcf-4640-b2ac-114ade0e4f82,25,0.500000,300,2,50,15,6
6bd7935c-8484-41e8-96a9-f0bbff66bada,f5b62249-fa23-4272-8fd6-29b0c18549ac,20,0.500000,300,2,50,50,2
6bd7935c-8484-41e8-96a9-f0bbff66bada,3cd74708-c472-4157-b547-be38fe91d1d3,1,0.500000,300,2,50,50,3
6bd7935c-8484-41e8-96a9-f0bbff66bada,7409b6a4-53b1-4fdd-bbcd-c2543e49d53e,15,0.500000,300,2,50,20,1
6bd7935c-8484-41e8-96a9-f0bbff66bada,3e0bd9d6-8d13-49fb-b755-43b2915006ec,50,0.500000,300,2,50,1,3
6bd7935c-8484-41e8-96a9-f0bbff66bada,82047efd-cc4c-474a-9eef-d8b8bde5a6f5,25,0.500000,300,2,50,1,8
6bd7935c-8484-41e8-96a9-f0bbff66bada,fb3a2d5d-427e-428e-a7ab-8d5bbae8be04,15,0.500000,300,2,50,15,1
6bd7935c-8484-41e8-96a9-f0bbff66bada,a4bf0a91-fff6-44d1-a3eb-e77c6f1b34f0,25,0.500000,300,2,50,20,2
6bd7935c-8484-41e8-96a9-f0bbff66bada,5aade33d-02e1-4aeb-bdf9-479e5c7f4efd,1,0.500000,300,2,50,1,9
6bd7935c-8484-41e8-96a9-f0bbff66bada,86c20a6b-cd9b-46ce-ac64-ee86e0146c40,10,0.500000,300,2,50,50,6
6bd7935c-8484-41e8-96a9-f0bbff66bada,3cd74708-c472-4157-b547-be38fe91d1d3,1,0.500000,300,2,50,50,2
6bd7935c-8484-41e8-96a9-f0bbff66bada,ea06344c-2d0f-4d32-ba35-280622db79c8,25,0.500000,300,2,50,10,5
6bd7935c-8484-41e8-96a9-f0bbff66bada,c99879f8-add3-4f2f-9582-ec82fecd42a7,50,0.500000,300,2,50,10,10
6bd7935c-8484-41e8-96a9-f0bbff66bada,56ea33b5-ee9d-4734-bc36-c6fe6bfcc0c6,20,0.500000,300,2,50,20,10
6bd7935c-8484-41e8-96a9-f0bbff66bada,7ce501f7-cbcf-4640-b2ac-114ade0e4f82,25,0.500000,300,2,50,15,4
6bd7935c-8484-41e8-96a9-f0bbff66bada,7ce501f7-cbcf-4640-b2ac-114ade0e4f82,25,0.500000,300,2,50,15,3
6bd7935c-8484-41e8-96a9-f0bbff66bada,3cd74708-c472-4157-b547-be38fe91d1d3,1,0.500000,300,2,50,50,9
6bd7935c-8484-41e8-96a9-f0bbff66bada,036b29d0-4640-4a9d-9b12-f503cd1d5868,50,0.500000,300,2,50,50,4
6bd7935c-8484-41e8-96a9-f0bbff66bada,12553c11-1043-46e9-bc23-fb85db83d29f,15,0.500000,300,2,50,10,3
6bd7935c-8484-41e8-96a9-f0bbff66bada,f4900f28-a929-45c9-9deb-fe600cbf960d,50,0.500000,300,2,50,15,6
6bd7935c-8484-41e8-96a9-f0bbff66bada,56ea33b5-ee9d-4734-bc36-c6fe6bfcc0c6,20,0.500000,300,2,50,20,2
6bd7935c-8484-41e8-96a9-f0bbff66bada,c99879f8-add3-4f2f-9582-ec82fecd42a7,50,0.500000,300,2,50,10,7
6bd7935c-8484-41e8-96a9-f0bbff66bada,56ea33b5-ee9d-4734-bc36-c6fe6bfcc0c6,20,0.500000,300,2,50,20,1
6bd7935c-8484-41e8-96a9-f0bbff66bada,036b29d0-4640-4a9d-9b12-f503cd1d5868,50,0.500000,300,2,50,50,7
6bd7935c-8484-41e8-96a9-f0bbff66bada,63fec2b2-7aea-4983-ba28-e8a9ac93cb50,20,0.500000,300,2,50,25,10
6bd7935c-8484-41e8-96a9-f0bbff66bada,95c6e56b-b650-4c83-83e3-8af365b80b84,1,0.500000,300,2,50,20,9
6bd7935c-8484-41e8-96a9-f0bbff66bada,c99879f8-add3-4f2f-9582-ec82fecd42a7,50,0.500000,300,2,50,10,1
6bd7935c-8484-41e8-96a9-f0bbff66bada,f4900f28-a929-45c9-9deb-fe600cbf960d,50,0.500000,300,2,50,15,9
6bd7935c-8484-41e8-96a9-f0bbff66bada,12553c11-1043-46e9-bc23-fb85db83d29f,15,0.500000,300,2,50,10,10
6bd7935c-8484-41e8-96a9-f0bbff66bada,7409b6a4-53b1-4fdd-bbcd-c2543e49d53e,15,0.500000,300,2,50,20,5
6bd7935c-8484-41e8-96a9-f0bbff66bada,6c256e19-cdae-4233-b0e7-dfc2de083ef6,10,0.500000,300,2,50,20,1
6bd7935c-8484-41e8-96a9-f0bbff66bada,6c256e19-cdae-4233-b0e7-dfc2de083ef6,10,0.500000,300,2,50,20,9
6bd7935c-8484-41e8-96a9-f0bbff66bada,86c20a6b-cd9b-46ce-ac64-ee86e0146c40,10,0.500000,300,2,50,50,2
6bd7935c-8484-41e8-96a9-f0bbff66bada,7409b6a4-53b1-4fdd-bbcd-c2543e49d53e,15,0.500000,300,2,50,20,9
6bd7935c-8484-41e8-96a9-f0bbff66bada,ea06344c-2d0f-4d32-ba35-280622db79c8,25,0.500000,300,2,50,10,10
6bd7935c-8484-41e8-96a9-f0bbff66bada,b8300718-88ef-49e2-b835-2842ecad1faf,50,0.500000,300,2,50,25,4
6bd7935c-8484-41e8-96a9-f0bbff66bada,b8300718-88ef-49e2-b835-2842ecad1faf,50,0.500000,300,2,50,25,3
6bd7935c-8484-41e8-96a9-f0bbff66bada,97790901-7747-4c8f-ae52-a38db0f3c54d,20,0.500000,300,2,50,15,6
6bd7935c-8484-41e8-96a9-f0bbff66bada,036b29d0-4640-4a9d-9b12-f503cd1d5868,50,0.500000,300,2,50,50,8
6bd7935c-8484-41e8-96a9-f0bbff66bada,6028efa1-0162-4bca-94f4-d5b44de8af87,20,0.500000,300,2,50,1,1
6bd7935c-8484-41e8-96a9-f0bbff66bada,3cd74708-c472-4157-b547-be38fe91d1d3,1,0.500000,300,2,50,50,6
6bd7935c-8484-41e8-96a9-f0bbff66bada,cb5ed990-6b90-4ff0-925b-c4b3738bdd65,15,0.500000,300,2,50,25,10
6bd7935c-8484-41e8-96a9-f0bbff66bada,6eae166d-f89e-4ff4-8f6b-872e0d0bd256,10,0.500000,300,2,50,15,7
6bd7935c-8484-41e8-96a9-f0bbff66bada,31cd87aa-7b8b-4531-8ed7-0401129041a5,10,0.500000,300,2,50,1,9
6bd7935c-8484-41e8-96a9-f0bbff66bada,18883703-31ed-4029-b91f-3fb6fe62e1e2,1,0.500000,300,2,50,25,2
6bd7935c-8484-41e8-96a9-f0bbff66bada,fcc7596f-ae2b-478f-a7e4-6ccb6cd0fb1b,1,0.500000,300,2,50,10,7
6bd7935c-8484-41e8-96a9-f0bbff66bada,bcfc72a9-ab6d-45fc-868d-636fd94c8ddc,50,0.500000,300,2,50,20,4
6bd7935c-8484-41e8-96a9-f0bbff66bada,ea06344c-2d0f-4d32-ba35-280622db79c8,25,0.500000,300,2,50,10,4
6bd7935c-8484-41e8-96a9-f0bbff66bada,4d08c6e0-a97b-4af8-af9b-95d51078c28a,1,0.500000,300,2,50,15,7
6bd7935c-8484-41e8-96a9-f0bbff66bada,6eae166d-f89e-4ff4-8f6b-872e0d0bd256,10,0.500000,300,2,50,15,10
6bd7935c-8484-41e8-96a9-f0bbff66bada,7ce501f7-cbcf-4640-b2ac-114ade0e4f82,25,0.500000,300,2,50,15,10
6bd7935c-8484-41e8-96a9-f0bbff66bada,b8300718-88ef-49e2-b835-2842ecad1faf,50,0.500000,300,2,50,25,9
6bd7935c-8484-41e8-96a9-f0bbff66bada,fcc7596f-ae2b-478f-a7e4-6ccb6cd0fb1b,1,0.500000,300,2,50,10,9
6bd7935c-8484-41e8-96a9-f0bbff66bada,3cd74708-c472-4157-b547-be38fe91d1d3,1,0.500000,300,2,50,50,7
6bd7935c-8484-41e8-96a9-f0bbff66bada,56ea33b5-ee9d-4734-bc36-c6fe6bfcc0c6,20,0.500000,300,2,50,20,5
6bd7935c-8484-41e8-96a9-f0bbff66bada,bcfc72a9-ab6d-45fc-868d-636fd94c8ddc,50,0.500000,300,2,50,20,8
6bd7935c-8484-41e8-96a9-f0bbff66bada,fcc7596f-ae2b-478f-a7e4-6ccb6cd0fb1b,1,0.500000,300,2,50,10,2
6bd7935c-8484-41e8-96a9-f0bbff66bada,56ea33b5-ee9d-4734-bc36-c6fe6bfcc0c6,20,0.500000,300,2,50,20,4
6bd7935c-8484-41e8-96a9-f0bbff66bada,95c6e56b-b650-4c83-83e3-8af365b80b84,1,0.500000,300,2,50,20,8
6bd7935c-8484-41e8-96a9-f0bbff66bada,63fec2b2-7aea-4983-ba28-e8a9ac93cb50,20,0.500000,300,2,50,25,1
6bd7935c-8484-41e8-96a9-f0bbff66bada,cb5ed990-6b90-4ff0-925b-c4b3738bdd65,15,0.500000,300,2,50,25,3
6bd7935c-8484-41e8-96a9-f0bbff66bada,95c6e56b-b650-4c83-83e3-8af365b80b84,1,0.500000,300,2,50,20,1
6bd7935c-8484-41e8-96a9-f0bbff66bada,3cd74708-c472-4157-b547-be38fe91d1d3,1,0.500000,300,2,50,50,10
6bd7935c-8484-41e8-96a9-f0bbff66bada,f09caaa0-5b8e-48ac-92fa-13cba19fb1d4,15,0.500000,300,2,50,1,5
6bd7935c-8484-41e8-96a9-f0bbff66bada,6c256e19-cdae-4233-b0e7-dfc2de083ef6,10,0.500000,300,2,50,20,10
6bd7935c-8484-41e8-96a9-f0bbff66bada,7409b6a4-53b1-4fdd-bbcd-c2543e49d53e,15,0.500000,300,2,50,20,6
6bd7935c-8484-41e8-96a9-f0bbff66bada,3cd74708-c472-4157-b547-be38fe91d1d3,1,0.500000,300,2,50,50,1
6bd7935c-8484-41e8-96a9-f0bbff66bada,2ece0a93-8662-4b1c-b5ef-792a2fe1c6d2,25,0.500000,300,2,50,25,4
6bd7935c-8484-41e8-96a9-f0bbff66bada,f4900f28-a929-45c9-9deb-fe600cbf960d,50,0.500000,300,2,50,15,5
6bd7935c-8484-41e8-96a9-f0bbff66bada,8246d7ab-75d6-485b-8fea-b33aeec9c271,15,0.500000,300,2,50,50,10
6bd7935c-8484-41e8-96a9-f0bbff66bada,3cd74708-c472-4157-b547-be38fe91d1d3,1,0.500000,300,2,50,50,5
6bd7935c-8484-41e8-96a9-f0bbff66bada,6eae166d-f89e-4ff4-8f6b-872e0d0bd256,10,0.500000,300,2,50,15,6
6bd7935c-8484-41e8-96a9-f0bbff66bada,99bf191a-a400-4195-83a5-e3160dd94950,25,0.500000,300,2,50,50,3
6bd7935c-8484-41e8-96a9-f0bbff66bada,f4900f28-a929-45c9-9deb-fe600cbf960d,50,0.500000,300,2,50,15,7
6bd7935c-8484-41e8-96a9-f0bbff66bada,f5b62249-fa23-4272-8fd6-29b0c18549ac,20,0.500000,300,2,50,50,7
6bd7935c-8484-41e8-96a9-f0bbff66bada,a4bf0a91-fff6-44d1-a3eb-e77c6f1b34f0,25,0.500000,300,2,50,20,10
6bd7935c-8484-41e8-96a9-f0bbff66bada,c99879f8-add3-4f2f-9582-ec82fecd42a7,50,0.500000,300,2,50,10,8
6bd7935c-8484-41e8-96a9-f0bbff66bada,2ece0a93-8662-4b1c-b5ef-792a2fe1c6d2,25,0.500000,300,2,50,25,10
6bd7935c-8484-41e8-96a9-f0bbff66bada,f4900f28-a929-45c9-9deb-fe600cbf960d,50,0.500000,300,2,50,15,8
6bd7935c-8484-41e8-96a9-f0bbff66bada,8246d7ab-75d6-485b-8fea-b33aeec9c271,15,0.500000,300,2,50,50,9
6bd7935c-8484-41e8-96a9-f0bbff66bada,82047efd-cc4c-474a-9eef-d8b8bde5a6f5,25,0.500000,300,2,50,1,3
6bd7935c-8484-41e8-96a9-f0bbff66bada,7ce501f7-cbcf-4640-b2ac-114ade0e4f82,25,0.500000,300,2,50,15,9
6bd7935c-8484-41e8-96a9-f0bbff66bada,6028efa1-0162-4bca-94f4-d5b44de8af87,20,0.500000,300,2,50,1,3
6bd7935c-8484-41e8-96a9-f0bbff66bada,6028efa1-0162-4bca-94f4-d5b44de8af87,20,0.500000,300,2,50,1,5
6bd7935c-8484-41e8-96a9-f0bbff66bada,fcc7596f-ae2b-478f-a7e4-6ccb6cd0fb1b,1,0.500000,300,2,50,10,3
6bd7935c-8484-41e8-96a9-f0bbff66bada,a4bf0a91-fff6-44d1-a3eb-e77c6f1b34f0,25,0.500000,300,2,50,20,8
6bd7935c-8484-41e8-96a9-f0bbff66bada,8246d7ab-75d6-485b-8fea-b33aeec9c271,15,0.500000,300,2,50,50,7
6bd7935c-8484-41e8-96a9-f0bbff66bada,95c6e56b-b650-4c83-83e3-8af365b80b84,1,0.500000,300,2,50,20,6
6bd7935c-8484-41e8-96a9-f0bbff66bada,bcfc72a9-ab6d-45fc-868d-636fd94c8ddc,50,0.500000,300,2,50,20,3
6bd7935c-8484-41e8-96a9-f0bbff66bada,fb3a2d5d-427e-428e-a7ab-8d5bbae8be04,15,0.500000,300,2,50,15,5
6bd7935c-8484-41e8-96a9-f0bbff66bada,cb5ed990-6b90-4ff0-925b-c4b3738bdd65,15,0.500000,300,2,50,25,4
6bd7935c-8484-41e8-96a9-f0bbff66bada,cb5ed990-6b90-4ff0-925b-c4b3738bdd65,15,0.500000,300,2,50,25,5
6bd7935c-8484-41e8-96a9-f0bbff66bada,63fec2b2-7aea-4983-ba28-e8a9ac93cb50,20,0.500000,300,2,50,25,3
6bd7935c-8484-41e8-96a9-f0bbff66bada,86c20a6b-cd9b-46ce-ac64-ee86e0146c40,10,0.500000,300,2,50,50,8
6bd7935c-8484-41e8-96a9-f0bbff66bada,63fec2b2-7aea-4983-ba28-e8a9ac93cb50,20,0.500000,300,2,50,25,8
6bd7935c-8484-41e8-96a9-f0bbff66bada,7409b6a4-53b1-4fdd-bbcd-c2543e49d53e,15,0.500000,300,2,50,20,10
6bd7935c-8484-41e8-96a9-f0bbff66bada,63fec2b2-7aea-4983-ba28-e8a9ac93cb50,20,0.500000,300,2,50,25,4
6bd7935c-8484-41e8-96a9-f0bbff66bada,eb915a58-8e38-49e8-a893-4d3139f469fa,10,0.500000,300,2,50,25,10
6bd7935c-8484-41e8-96a9-f0bbff66bada,3e0bd9d6-8d13-49fb-b755-43b2915006ec,50,0.500000,300,2,50,1,10
6bd7935c-8484-41e8-96a9-f0bbff66bada,88561458-88de-4f6b-96e8-e4469967f4d2,20,0.500000,300,2,50,10,10
6bd7935c-8484-41e8-96a9-f0bbff66bada,56ea33b5-ee9d-4734-bc36-c6fe6bfcc0c6,20,0.500000,300,2,50,20,9
6bd7935c-8484-41e8-96a9-f0bbff66bada,99bf191a-a400-4195-83a5-e3160dd94950,25,0.500000,300,2,50,50,7
6bd7935c-8484-41e8-96a9-f0bbff66bada,cb5ed990-6b90-4ff0-925b-c4b3738bdd65,15,0.500000,300,2,50,25,9
6bd7935c-8484-41e8-96a9-f0bbff66bada,f5b62249-fa23-4272-8fd6-29b0c18549ac,20,0.500000,300,2,50,50,6
6bd7935c-8484-41e8-96a9-f0bbff66bada,86c20a6b-cd9b-46ce-ac64-ee86e0146c40,10,0.500000,300,2,50,50,9
6bd7935c-8484-41e8-96a9-f0bbff66bada,31cd87aa-7b8b-4531-8ed7-0401129041a5,10,0.500000,300,2,50,1,4
6bd7935c-8484-41e8-96a9-f0bbff66bada,c99879f8-add3-4f2f-9582-ec82fecd42a7,50,0.500000,300,2,50,10,3
6bd7935c-8484-41e8-96a9-f0bbff66bada,a4bf0a91-fff6-44d1-a3eb-e77c6f1b34f0,25,0.500000,300,2,50,20,6
6bd7935c-8484-41e8-96a9-f0bbff66bada,3fb9fca6-3f20-45e7-b8b7-c6970508f4ef,10,0.500000,300,2,50,10,3
6bd7935c-8484-41e8-96a9-f0bbff66bada,63fec2b2-7aea-4983-ba28-e8a9ac93cb50,20,0.500000,300,2,50,25,2
6bd7935c-8484-41e8-96a9-f0bbff66bada,f09caaa0-5b8e-48ac-92fa-13cba19fb1d4,15,0.500000,300,2,50,1,2
6bd7935c-8484-41e8-96a9-f0bbff66bada,fb3a2d5d-427e-428e-a7ab-8d5bbae8be04,15,0.500000,300,2,50,15,6
6bd7935c-8484-41e8-96a9-f0bbff66bada,6c256e19-cdae-4233-b0e7-dfc2de083ef6,10,0.500000,300,2,50,20,2
6bd7935c-8484-41e8-96a9-f0bbff66bada,036b29d0-4640-4a9d-9b12-f503cd1d5868,50,0.500000,300,2,50,50,9
6bd7935c-8484-41e8-96a9-f0bbff66bada,6028efa1-0162-4bca-94f4-d5b44de8af87,20,0.500000,300,2,50,1,9
6bd7935c-8484-41e8-96a9-f0bbff66bada,cb5ed990-6b90-4ff0-925b-c4b3738bdd65,15,0.500000,300,2,50,25,7
6bd7935c-8484-41e8-96a9-f0bbff66bada,c99879f8-add3-4f2f-9582-ec82fecd42a7,50,0.500000,300,2,50,10,6
6bd7935c-8484-41e8-96a9-f0bbff66bada,f09caaa0-5b8e-48ac-92fa-13cba19fb1d4,15,0.500000,300,2,50,1,1
6bd7935c-8484-41e8-96a9-f0bbff66bada,12553c11-1043-46e9-bc23-fb85db83d29f,15,0.500000,300,2,50,10,9
6bd7935c-8484-41e8-96a9-f0bbff66bada,f5b62249-fa23-4272-8fd6-29b0c18549ac,20,0.500000,300,2,50,50,3
6bd7935c-8484-41e8-96a9-f0bbff66bada,c99879f8-add3-4f2f-9582-ec82fecd42a7,50,0.500000,300,2,50,10,9
6bd7935c-8484-41e8-96a9-f0bbff66bada,31cd87aa-7b8b-4531-8ed7-0401129041a5,10,0.500000,300,2,50,1,1
6bd7935c-8484-41e8-96a9-f0bbff66bada,18883703-31ed-4029-b91f-3fb6fe62e1e2,1,0.500000,300,2,50,25,5
6bd7935c-8484-41e8-96a9-f0bbff66bada,99bf191a-a400-4195-83a5-e3160dd94950,25,0.500000,300,2,50,50,1
6bd7935c-8484-41e8-96a9-f0bbff66bada,5aade33d-02e1-4aeb-bdf9-479e5c7f4efd,1,0.500000,300,2,50,1,2
6bd7935c-8484-41e8-96a9-f0bbff66bada,4d08c6e0-a97b-4af8-af9b-95d51078c28a,1,0.500000,300,2,50,15,8
6bd7935c-8484-41e8-96a9-f0bbff66bada,99bf191a-a400-4195-83a5-e3160dd94950,25,0.500000,300,2,50,50,9
6bd7935c-8484-41e8-96a9-f0bbff66bada,fb3a2d5d-427e-428e-a7ab-8d5bbae8be04,15,0.500000,300,2,50,15,3
6bd7935c-8484-41e8-96a9-f0bbff66bada,f09caaa0-5b8e-48ac-92fa-13cba19fb1d4,15,0.500000,300,2,50,1,10
6bd7935c-8484-41e8-96a9-f0bbff66bada,12553c11-1043-46e9-bc23-fb85db83d29f,15,0.500000,300,2,50,10,5
6bd7935c-8484-41e8-96a9-f0bbff66bada,95c6e56b-b650-4c83-83e3-8af365b80b84,1,0.500000,300,2,50,20,4
